{
  "logistic_regression": {
    "accuracy": 0.7932992617830777,
    "auc": 0.8391704093013711,
    "pr_auc": 0.6275457332784676,
    "f1": 0.5235602094240838
  },
  "random_forest": {
    "accuracy": 0.7932992617830777,
    "auc": 0.8339974648269561,
    "pr_auc": 0.6260279582626015,
    "f1": 0.5483870967741935
  },
  "xgboost": {
    "accuracy": 0.7961385576377058,
    "auc": 0.8400962770024061,
    "pr_auc": 0.6398652833614044,
    "f1": 0.5605875152998776
  }
}