{
  "logistic_regression": {
    "accuracy": 0.96,
    "auc": 0.6649479166666666,
    "pr_auc": 0.09335746587653002,
    "f1": 0.0
  },
  "random_forest": {
    "accuracy": 0.96,
    "auc": 0.5912369791666667,
    "pr_auc": 0.05381823465403431,
    "f1": 0.0
  },
  "xgboost": {
    "accuracy": 0.96,
    "auc": 0.6289583333333333,
    "pr_auc": 0.07517774332693028,
    "f1": 0.0
  }
}