model,accuracy,auc,pr_auc,f1
logistic_regression,0.7932992617830777,0.8391704093013711,0.6275457332784676,0.5235602094240838
random_forest,0.7932992617830777,0.8339974648269561,0.6260279582626015,0.5483870967741935
xgboost,0.7961385576377058,0.8400962770024061,0.6398652833614044,0.5605875152998776
